Name;Url
Bulbasaur;https://img.pokemondb.net/artwork/large/bulbasaur.jpg
Ivysaur;https://img.pokemondb.net/artwork/large/ivysaur.jpg
Venusaur;https://img.pokemondb.net/artwork/large/venusaur.jpg
Mega Venusaur;https://img.pokemondb.net/artwork/large/venusaur-mega.jpg
Charmander;https://img.pokemondb.net/artwork/large/charmander.jpg
Charmeleon;https://img.pokemondb.net/artwork/large/charmeleon.jpg
Charizard;https://img.pokemondb.net/artwork/large/charizard.jpg
Mega Charizard X;https://img.pokemondb.net/artwork/large/charizard-mega-x.jpg
Mega Charizard Y;https://img.pokemondb.net/artwork/large/charizard-mega-y.jpg
Squirtle;https://img.pokemondb.net/artwork/large/squirtle.jpg
Wartortle;https://img.pokemondb.net/artwork/large/wartortle.jpg
Blastoise;https://img.pokemondb.net/artwork/large/blastoise.jpg
Mega Blastoise;https://img.pokemondb.net/artwork/large/blastoise-mega.jpg
Caterpie;https://img.pokemondb.net/artwork/large/caterpie.jpg
Metapod;https://img.pokemondb.net/artwork/large/metapod.jpg
Butterfree;https://img.pokemondb.net/artwork/large/butterfree.jpg
Weedle;https://img.pokemondb.net/artwork/large/weedle.jpg
Kakuna;https://img.pokemondb.net/artwork/large/kakuna.jpg
Beedrill;https://img.pokemondb.net/artwork/large/beedrill.jpg
Mega Beedrill;https://img.pokemondb.net/artwork/large/beedrill-mega.jpg
Pidgey;https://img.pokemondb.net/artwork/large/pidgey.jpg
Pidgeotto;https://img.pokemondb.net/artwork/large/pidgeotto.jpg
Pidgeot;https://img.pokemondb.net/artwork/large/pidgeot.jpg
Mega Pidgeot;https://img.pokemondb.net/artwork/large/pidgeot-mega.jpg
Rattata;https://img.pokemondb.net/artwork/large/rattata.jpg
Raticate;https://img.pokemondb.net/artwork/large/raticate.jpg
Spearow;https://img.pokemondb.net/artwork/large/spearow.jpg
Fearow;https://img.pokemondb.net/artwork/large/fearow.jpg
Ekans;https://img.pokemondb.net/artwork/large/ekans.jpg
Arbok;https://img.pokemondb.net/artwork/large/arbok.jpg
Pikachu;https://img.pokemondb.net/artwork/large/pikachu.jpg
Raichu;https://img.pokemondb.net/artwork/large/raichu.jpg
Sandshrew;https://img.pokemondb.net/artwork/large/sandshrew.jpg
Sandslash;https://img.pokemondb.net/artwork/large/sandslash.jpg
Nidoran-f;https://img.pokemondb.net/artwork/large/nidoran-f.jpg
Nidorina;https://img.pokemondb.net/artwork/large/nidorina.jpg
Nidoqueen;https://img.pokemondb.net/artwork/large/nidoqueen.jpg
Nidoran-m;https://img.pokemondb.net/artwork/large/nidoran-m.jpg
Nidorino;https://img.pokemondb.net/artwork/large/nidorino.jpg
Nidoking;https://img.pokemondb.net/artwork/large/nidoking.jpg
Clefairy;https://img.pokemondb.net/artwork/large/clefairy.jpg
Clefable;https://img.pokemondb.net/artwork/large/clefable.jpg
Vulpix;https://img.pokemondb.net/artwork/large/vulpix.jpg
Ninetales;https://img.pokemondb.net/artwork/large/ninetales.jpg
Jigglypuff;https://img.pokemondb.net/artwork/large/jigglypuff.jpg
Wigglytuff;https://img.pokemondb.net/artwork/large/wigglytuff.jpg
Zubat;https://img.pokemondb.net/artwork/large/zubat.jpg
Golbat;https://img.pokemondb.net/artwork/large/golbat.jpg
Oddish;https://img.pokemondb.net/artwork/large/oddish.jpg
Gloom;https://img.pokemondb.net/artwork/large/gloom.jpg
Vileplume;https://img.pokemondb.net/artwork/large/vileplume.jpg
Paras;https://img.pokemondb.net/artwork/large/paras.jpg
Parasect;https://img.pokemondb.net/artwork/large/parasect.jpg
Venonat;https://img.pokemondb.net/artwork/large/venonat.jpg
Venomoth;https://img.pokemondb.net/artwork/large/venomoth.jpg
Diglett;https://img.pokemondb.net/artwork/large/diglett.jpg
Dugtrio;https://img.pokemondb.net/artwork/large/dugtrio.jpg
Meowth;https://img.pokemondb.net/artwork/large/meowth.jpg
Persian;https://img.pokemondb.net/artwork/large/persian.jpg
Psyduck;https://img.pokemondb.net/artwork/large/psyduck.jpg
Golduck;https://img.pokemondb.net/artwork/large/golduck.jpg
Mankey;https://img.pokemondb.net/artwork/large/mankey.jpg
Primeape;https://img.pokemondb.net/artwork/large/primeape.jpg
Growlithe;https://img.pokemondb.net/artwork/large/growlithe.jpg
Arcanine;https://img.pokemondb.net/artwork/large/arcanine.jpg
Poliwag;https://img.pokemondb.net/artwork/large/poliwag.jpg
Poliwhirl;https://img.pokemondb.net/artwork/large/poliwhirl.jpg
Poliwrath;https://img.pokemondb.net/artwork/large/poliwrath.jpg
Abra;https://img.pokemondb.net/artwork/large/abra.jpg
Kadabra;https://img.pokemondb.net/artwork/large/kadabra.jpg
Alakazam;https://img.pokemondb.net/artwork/large/alakazam.jpg
Mega Alakazam;https://img.pokemondb.net/artwork/large/alakazam-mega.jpg
Machop;https://img.pokemondb.net/artwork/large/machop.jpg
Machoke;https://img.pokemondb.net/artwork/large/machoke.jpg
Machamp;https://img.pokemondb.net/artwork/large/machamp.jpg
Bellsprout;https://img.pokemondb.net/artwork/large/bellsprout.jpg
Weepinbell;https://img.pokemondb.net/artwork/large/weepinbell.jpg
Victreebel;https://img.pokemondb.net/artwork/large/victreebel.jpg
Tentacool;https://img.pokemondb.net/artwork/large/tentacool.jpg
Tentacruel;https://img.pokemondb.net/artwork/large/tentacruel.jpg
Geodude;https://img.pokemondb.net/artwork/large/geodude.jpg
Graveler;https://img.pokemondb.net/artwork/large/graveler.jpg
Golem;https://img.pokemondb.net/artwork/large/golem.jpg
Ponyta;https://img.pokemondb.net/artwork/large/ponyta.jpg
Rapidash;https://img.pokemondb.net/artwork/large/rapidash.jpg
Slowpoke;https://img.pokemondb.net/artwork/large/slowpoke.jpg
Slowbro;https://img.pokemondb.net/artwork/large/slowbro.jpg
Mega Slowbro;https://img.pokemondb.net/artwork/large/slowbro-mega.jpg
Magnemite;https://img.pokemondb.net/artwork/large/magnemite.jpg
Magneton;https://img.pokemondb.net/artwork/large/magneton.jpg
Farfetch'd;https://img.pokemondb.net/artwork/large/farfetchd.jpg
Doduo;https://img.pokemondb.net/artwork/large/doduo.jpg
Dodrio;https://img.pokemondb.net/artwork/large/dodrio.jpg
Seel;https://img.pokemondb.net/artwork/large/seel.jpg
Dewgong;https://img.pokemondb.net/artwork/large/dewgong.jpg
Grimer;https://img.pokemondb.net/artwork/large/grimer.jpg
Muk;https://img.pokemondb.net/artwork/large/muk.jpg
Shellder;https://img.pokemondb.net/artwork/large/shellder.jpg
Cloyster;https://img.pokemondb.net/artwork/large/cloyster.jpg
Gastly;https://img.pokemondb.net/artwork/large/gastly.jpg
Haunter;https://img.pokemondb.net/artwork/large/haunter.jpg
Gengar;https://img.pokemondb.net/artwork/large/gengar.jpg
Mega Gengar;https://img.pokemondb.net/artwork/large/gengar-mega.jpg
Onix;https://img.pokemondb.net/artwork/large/onix.jpg
Drowzee;https://img.pokemondb.net/artwork/large/drowzee.jpg
Hypno;https://img.pokemondb.net/artwork/large/hypno.jpg
Krabby;https://img.pokemondb.net/artwork/large/krabby.jpg
Kingler;https://img.pokemondb.net/artwork/large/kingler.jpg
Voltorb;https://img.pokemondb.net/artwork/large/voltorb.jpg
Electrode;https://img.pokemondb.net/artwork/large/electrode.jpg
Exeggcute;https://img.pokemondb.net/artwork/large/exeggcute.jpg
Exeggutor;https://img.pokemondb.net/artwork/large/exeggutor.jpg
Cubone;https://img.pokemondb.net/artwork/large/cubone.jpg
Marowak;https://img.pokemondb.net/artwork/large/marowak.jpg
Hitmonlee;https://img.pokemondb.net/artwork/large/hitmonlee.jpg
Hitmonchan;https://img.pokemondb.net/artwork/large/hitmonchan.jpg
Lickitung;https://img.pokemondb.net/artwork/large/lickitung.jpg
Koffing;https://img.pokemondb.net/artwork/large/koffing.jpg
Weezing;https://img.pokemondb.net/artwork/large/weezing.jpg
Rhyhorn;https://img.pokemondb.net/artwork/large/rhyhorn.jpg
Rhydon;https://img.pokemondb.net/artwork/large/rhydon.jpg
Chansey;https://img.pokemondb.net/artwork/large/chansey.jpg
Tangela;https://img.pokemondb.net/artwork/large/tangela.jpg
Kangaskhan;https://img.pokemondb.net/artwork/large/kangaskhan.jpg
Mega Kangaskhan;https://img.pokemondb.net/artwork/large/kangaskhan-mega.jpg
Horsea;https://img.pokemondb.net/artwork/large/horsea.jpg
Seadra;https://img.pokemondb.net/artwork/large/seadra.jpg
Goldeen;https://img.pokemondb.net/artwork/large/goldeen.jpg
Seaking;https://img.pokemondb.net/artwork/large/seaking.jpg
Staryu;https://img.pokemondb.net/artwork/large/staryu.jpg
Starmie;https://img.pokemondb.net/artwork/large/starmie.jpg
Mr. Mime;https://img.pokemondb.net/artwork/large/mr-mime.jpg
Scyther;https://img.pokemondb.net/artwork/large/scyther.jpg
Jynx;https://img.pokemondb.net/artwork/large/jynx.jpg
Electabuzz;https://img.pokemondb.net/artwork/large/electabuzz.jpg
Magmar;https://img.pokemondb.net/artwork/large/magmar.jpg
Pinsir;https://img.pokemondb.net/artwork/large/pinsir.jpg
Mega Pinsir;https://img.pokemondb.net/artwork/large/pinsir-mega.jpg
Tauros;https://img.pokemondb.net/artwork/large/tauros.jpg
Magikarp;https://img.pokemondb.net/artwork/large/magikarp.jpg
Gyarados;https://img.pokemondb.net/artwork/large/gyarados.jpg
Mega Gyarados;https://img.pokemondb.net/artwork/large/gyarados-mega.jpg
Lapras;https://img.pokemondb.net/artwork/large/lapras.jpg
Ditto;https://img.pokemondb.net/artwork/large/ditto.jpg
Eevee;https://img.pokemondb.net/artwork/large/eevee.jpg
Vaporeon;https://img.pokemondb.net/artwork/large/vaporeon.jpg
Jolteon;https://img.pokemondb.net/artwork/large/jolteon.jpg
Flareon;https://img.pokemondb.net/artwork/large/flareon.jpg
Porygon;https://img.pokemondb.net/artwork/large/porygon.jpg
Omanyte;https://img.pokemondb.net/artwork/large/omanyte.jpg
Omastar;https://img.pokemondb.net/artwork/large/omastar.jpg
Kabuto;https://img.pokemondb.net/artwork/large/kabuto.jpg
Kabutops;https://img.pokemondb.net/artwork/large/kabutops.jpg
Aerodactyl;https://img.pokemondb.net/artwork/large/aerodactyl.jpg
Mega Aerodactyl;https://img.pokemondb.net/artwork/large/aerodactyl-mega.jpg
Snorlax;https://img.pokemondb.net/artwork/large/snorlax.jpg
Articuno;https://img.pokemondb.net/artwork/large/articuno.jpg
Zapdos;https://img.pokemondb.net/artwork/large/zapdos.jpg
Moltres;https://img.pokemondb.net/artwork/large/moltres.jpg
Dratini;https://img.pokemondb.net/artwork/large/dratini.jpg
Dragonair;https://img.pokemondb.net/artwork/large/dragonair.jpg
Dragonite;https://img.pokemondb.net/artwork/large/dragonite.jpg
Mewtwo;https://img.pokemondb.net/artwork/large/mewtwo.jpg
Mega Mewtwo X;https://img.pokemondb.net/artwork/large/mewtwo-mega-x.jpg
Mega Mewtwo Y;https://img.pokemondb.net/artwork/large/mewtwo-mega-y.jpg
Mew;https://img.pokemondb.net/artwork/large/mew.jpg
Chikorita;https://img.pokemondb.net/artwork/large/chikorita.jpg
Bayleef;https://img.pokemondb.net/artwork/large/bayleef.jpg
Meganium;https://img.pokemondb.net/artwork/large/meganium.jpg
Cyndaquil;https://img.pokemondb.net/artwork/large/cyndaquil.jpg
Quilava;https://img.pokemondb.net/artwork/large/quilava.jpg
Typhlosion;https://img.pokemondb.net/artwork/large/typhlosion.jpg
Totodile;https://img.pokemondb.net/artwork/large/totodile.jpg
Croconaw;https://img.pokemondb.net/artwork/large/croconaw.jpg
Feraligatr;https://img.pokemondb.net/artwork/large/feraligatr.jpg
Sentret;https://img.pokemondb.net/artwork/large/sentret.jpg
Furret;https://img.pokemondb.net/artwork/large/furret.jpg
Hoothoot;https://img.pokemondb.net/artwork/large/hoothoot.jpg
Noctowl;https://img.pokemondb.net/artwork/large/noctowl.jpg
Ledyba;https://img.pokemondb.net/artwork/large/ledyba.jpg
Ledian;https://img.pokemondb.net/artwork/large/ledian.jpg
Spinarak;https://img.pokemondb.net/artwork/large/spinarak.jpg
Ariados;https://img.pokemondb.net/artwork/large/ariados.jpg
Crobat;https://img.pokemondb.net/artwork/large/crobat.jpg
Chinchou;https://img.pokemondb.net/artwork/large/chinchou.jpg
Lanturn;https://img.pokemondb.net/artwork/large/lanturn.jpg
Pichu;https://img.pokemondb.net/artwork/large/pichu.jpg
Cleffa;https://img.pokemondb.net/artwork/large/cleffa.jpg
Igglybuff;https://img.pokemondb.net/artwork/large/igglybuff.jpg
Togepi;https://img.pokemondb.net/artwork/large/togepi.jpg
Togetic;https://img.pokemondb.net/artwork/large/togetic.jpg
Natu;https://img.pokemondb.net/artwork/large/natu.jpg
Xatu;https://img.pokemondb.net/artwork/large/xatu.jpg
Mareep;https://img.pokemondb.net/artwork/large/mareep.jpg
Flaaffy;https://img.pokemondb.net/artwork/large/flaaffy.jpg
Ampharos;https://img.pokemondb.net/artwork/large/ampharos.jpg
Mega Ampharos;https://img.pokemondb.net/artwork/large/ampharos-mega.jpg
Bellossom;https://img.pokemondb.net/artwork/large/bellossom.jpg
Marill;https://img.pokemondb.net/artwork/large/marill.jpg
Azumarill;https://img.pokemondb.net/artwork/large/azumarill.jpg
Sudowoodo;https://img.pokemondb.net/artwork/large/sudowoodo.jpg
Politoed;https://img.pokemondb.net/artwork/large/politoed.jpg
Hoppip;https://img.pokemondb.net/artwork/large/hoppip.jpg
Skiploom;https://img.pokemondb.net/artwork/large/skiploom.jpg
Jumpluff;https://img.pokemondb.net/artwork/large/jumpluff.jpg
Aipom;https://img.pokemondb.net/artwork/large/aipom.jpg
Sunkern;https://img.pokemondb.net/artwork/large/sunkern.jpg
Sunflora;https://img.pokemondb.net/artwork/large/sunflora.jpg
Yanma;https://img.pokemondb.net/artwork/large/yanma.jpg
Wooper;https://img.pokemondb.net/artwork/large/wooper.jpg
Quagsire;https://img.pokemondb.net/artwork/large/quagsire.jpg
Espeon;https://img.pokemondb.net/artwork/large/espeon.jpg
Umbreon;https://img.pokemondb.net/artwork/large/umbreon.jpg
Murkrow;https://img.pokemondb.net/artwork/large/murkrow.jpg
Slowking;https://img.pokemondb.net/artwork/large/slowking.jpg
Misdreavus;https://img.pokemondb.net/artwork/large/misdreavus.jpg
Unown;https://img.pokemondb.net/artwork/large/unown.jpg
Wobbuffet;https://img.pokemondb.net/artwork/large/wobbuffet.jpg
Girafarig;https://img.pokemondb.net/artwork/large/girafarig.jpg
Pineco;https://img.pokemondb.net/artwork/large/pineco.jpg
Forretress;https://img.pokemondb.net/artwork/large/forretress.jpg
Dunsparce;https://img.pokemondb.net/artwork/large/dunsparce.jpg
Gligar;https://img.pokemondb.net/artwork/large/gligar.jpg
Steelix;https://img.pokemondb.net/artwork/large/steelix.jpg
Mega Steelix;https://img.pokemondb.net/artwork/large/steelix-mega.jpg
Snubbull;https://img.pokemondb.net/artwork/large/snubbull.jpg
Granbull;https://img.pokemondb.net/artwork/large/granbull.jpg
Qwilfish;https://img.pokemondb.net/artwork/large/qwilfish.jpg
Scizor;https://img.pokemondb.net/artwork/large/scizor.jpg
Mega Scizor;https://img.pokemondb.net/artwork/large/scizor-mega.jpg
Shuckle;https://img.pokemondb.net/artwork/large/shuckle.jpg
Heracross;https://img.pokemondb.net/artwork/large/heracross.jpg
Mega Heracross;https://img.pokemondb.net/artwork/large/heracross-mega.jpg
Sneasel;https://img.pokemondb.net/artwork/large/sneasel.jpg
Teddiursa;https://img.pokemondb.net/artwork/large/teddiursa.jpg
Ursaring;https://img.pokemondb.net/artwork/large/ursaring.jpg
Slugma;https://img.pokemondb.net/artwork/large/slugma.jpg
Magcargo;https://img.pokemondb.net/artwork/large/magcargo.jpg
Swinub;https://img.pokemondb.net/artwork/large/swinub.jpg
Piloswine;https://img.pokemondb.net/artwork/large/piloswine.jpg
Corsola;https://img.pokemondb.net/artwork/large/corsola.jpg
Remoraid;https://img.pokemondb.net/artwork/large/remoraid.jpg
Octillery;https://img.pokemondb.net/artwork/large/octillery.jpg
Delibird;https://img.pokemondb.net/artwork/large/delibird.jpg
Mantine;https://img.pokemondb.net/artwork/large/mantine.jpg
Skarmory;https://img.pokemondb.net/artwork/large/skarmory.jpg
Houndour;https://img.pokemondb.net/artwork/large/houndour.jpg
Houndoom;https://img.pokemondb.net/artwork/large/houndoom.jpg
Mega Houndoom;https://img.pokemondb.net/artwork/large/houndoom-mega.jpg
Kingdra;https://img.pokemondb.net/artwork/large/kingdra.jpg
Phanpy;https://img.pokemondb.net/artwork/large/phanpy.jpg
Donphan;https://img.pokemondb.net/artwork/large/donphan.jpg
Porygon2;https://img.pokemondb.net/artwork/large/porygon2.jpg
Stantler;https://img.pokemondb.net/artwork/large/stantler.jpg
Smeargle;https://img.pokemondb.net/artwork/large/smeargle.jpg
Tyrogue;https://img.pokemondb.net/artwork/large/tyrogue.jpg
Hitmontop;https://img.pokemondb.net/artwork/large/hitmontop.jpg
Smoochum;https://img.pokemondb.net/artwork/large/smoochum.jpg
Elekid;https://img.pokemondb.net/artwork/large/elekid.jpg
Magby;https://img.pokemondb.net/artwork/large/magby.jpg
Miltank;https://img.pokemondb.net/artwork/large/miltank.jpg
Blissey;https://img.pokemondb.net/artwork/large/blissey.jpg
Raikou;https://img.pokemondb.net/artwork/large/raikou.jpg
Entei;https://img.pokemondb.net/artwork/large/entei.jpg
Suicune;https://img.pokemondb.net/artwork/large/suicune.jpg
Larvitar;https://img.pokemondb.net/artwork/large/larvitar.jpg
Pupitar;https://img.pokemondb.net/artwork/large/pupitar.jpg
Tyranitar;https://img.pokemondb.net/artwork/large/tyranitar.jpg
Mega Tyranitar;https://img.pokemondb.net/artwork/large/tyranitar-mega.jpg
Lugia;https://img.pokemondb.net/artwork/large/lugia.jpg
Ho-oh;https://img.pokemondb.net/artwork/large/ho-oh.jpg
Celebi;https://img.pokemondb.net/artwork/large/celebi.jpg
Treecko;https://img.pokemondb.net/artwork/large/treecko.jpg
Grovyle;https://img.pokemondb.net/artwork/large/grovyle.jpg
Sceptile;https://img.pokemondb.net/artwork/large/sceptile.jpg
Mega Sceptile;https://img.pokemondb.net/artwork/large/sceptile-mega.jpg
Torchic;https://img.pokemondb.net/artwork/large/torchic.jpg
Combusken;https://img.pokemondb.net/artwork/large/combusken.jpg
Blaziken;https://img.pokemondb.net/artwork/large/blaziken.jpg
Mega Blaziken;https://img.pokemondb.net/artwork/large/blaziken-mega.jpg
Mudkip;https://img.pokemondb.net/artwork/large/mudkip.jpg
Marshtomp;https://img.pokemondb.net/artwork/large/marshtomp.jpg
Swampert;https://img.pokemondb.net/artwork/large/swampert.jpg
Mega Swampert;https://img.pokemondb.net/artwork/large/swampert-mega.jpg
Poochyena;https://img.pokemondb.net/artwork/large/poochyena.jpg
Mightyena;https://img.pokemondb.net/artwork/large/mightyena.jpg
Zigzagoon;https://img.pokemondb.net/artwork/large/zigzagoon.jpg
Linoone;https://img.pokemondb.net/artwork/large/linoone.jpg
Wurmple;https://img.pokemondb.net/artwork/large/wurmple.jpg
Silcoon;https://img.pokemondb.net/artwork/large/silcoon.jpg
Beautifly;https://img.pokemondb.net/artwork/large/beautifly.jpg
Cascoon;https://img.pokemondb.net/artwork/large/cascoon.jpg
Dustox;https://img.pokemondb.net/artwork/large/dustox.jpg
Lotad;https://img.pokemondb.net/artwork/large/lotad.jpg
Lombre;https://img.pokemondb.net/artwork/large/lombre.jpg
Ludicolo;https://img.pokemondb.net/artwork/large/ludicolo.jpg
Seedot;https://img.pokemondb.net/artwork/large/seedot.jpg
Nuzleaf;https://img.pokemondb.net/artwork/large/nuzleaf.jpg
Shiftry;https://img.pokemondb.net/artwork/large/shiftry.jpg
Taillow;https://img.pokemondb.net/artwork/large/taillow.jpg
Swellow;https://img.pokemondb.net/artwork/large/swellow.jpg
Wingull;https://img.pokemondb.net/artwork/large/wingull.jpg
Pelipper;https://img.pokemondb.net/artwork/large/pelipper.jpg
Ralts;https://img.pokemondb.net/artwork/large/ralts.jpg
Kirlia;https://img.pokemondb.net/artwork/large/kirlia.jpg
Gardevoir;https://img.pokemondb.net/artwork/large/gardevoir.jpg
Mega Gardevoir;https://img.pokemondb.net/artwork/large/gardevoir-mega.jpg
Surskit;https://img.pokemondb.net/artwork/large/surskit.jpg
Masquerain;https://img.pokemondb.net/artwork/large/masquerain.jpg
Shroomish;https://img.pokemondb.net/artwork/large/shroomish.jpg
Breloom;https://img.pokemondb.net/artwork/large/breloom.jpg
Slakoth;https://img.pokemondb.net/artwork/large/slakoth.jpg
Vigoroth;https://img.pokemondb.net/artwork/large/vigoroth.jpg
Slaking;https://img.pokemondb.net/artwork/large/slaking.jpg
Nincada;https://img.pokemondb.net/artwork/large/nincada.jpg
Ninjask;https://img.pokemondb.net/artwork/large/ninjask.jpg
Shedinja;https://img.pokemondb.net/artwork/large/shedinja.jpg
Whismur;https://img.pokemondb.net/artwork/large/whismur.jpg
Loudred;https://img.pokemondb.net/artwork/large/loudred.jpg
Exploud;https://img.pokemondb.net/artwork/large/exploud.jpg
Makuhita;https://img.pokemondb.net/artwork/large/makuhita.jpg
Hariyama;https://img.pokemondb.net/artwork/large/hariyama.jpg
Azurill;https://img.pokemondb.net/artwork/large/azurill.jpg
Nosepass;https://img.pokemondb.net/artwork/large/nosepass.jpg
Skitty;https://img.pokemondb.net/artwork/large/skitty.jpg
Delcatty;https://img.pokemondb.net/artwork/large/delcatty.jpg
Sableye;https://img.pokemondb.net/artwork/large/sableye.jpg
Mega Sableye;https://img.pokemondb.net/artwork/large/sableye-mega.jpg
Mawile;https://img.pokemondb.net/artwork/large/mawile.jpg
Mega Mawile;https://img.pokemondb.net/artwork/large/mawile-mega.jpg
Aron;https://img.pokemondb.net/artwork/large/aron.jpg
Lairon;https://img.pokemondb.net/artwork/large/lairon.jpg
Aggron;https://img.pokemondb.net/artwork/large/aggron.jpg
Mega Aggron;https://img.pokemondb.net/artwork/large/aggron-mega.jpg
Meditite;https://img.pokemondb.net/artwork/large/meditite.jpg
Medicham;https://img.pokemondb.net/artwork/large/medicham.jpg
Mega Medicham;https://img.pokemondb.net/artwork/large/medicham-mega.jpg
Electrike;https://img.pokemondb.net/artwork/large/electrike.jpg
Manectric;https://img.pokemondb.net/artwork/large/manectric.jpg
Mega Manectric;https://img.pokemondb.net/artwork/large/manectric-mega.jpg
Plusle;https://img.pokemondb.net/artwork/large/plusle.jpg
Minun;https://img.pokemondb.net/artwork/large/minun.jpg
Volbeat;https://img.pokemondb.net/artwork/large/volbeat.jpg
Illumise;https://img.pokemondb.net/artwork/large/illumise.jpg
Roselia;https://img.pokemondb.net/artwork/large/roselia.jpg
Gulpin;https://img.pokemondb.net/artwork/large/gulpin.jpg
Swalot;https://img.pokemondb.net/artwork/large/swalot.jpg
Carvanha;https://img.pokemondb.net/artwork/large/carvanha.jpg
Sharpedo;https://img.pokemondb.net/artwork/large/sharpedo.jpg
Mega Sharpedo;https://img.pokemondb.net/artwork/large/sharpedo-mega.jpg
Wailmer;https://img.pokemondb.net/artwork/large/wailmer.jpg
Wailord;https://img.pokemondb.net/artwork/large/wailord.jpg
Numel;https://img.pokemondb.net/artwork/large/numel.jpg
Camerupt;https://img.pokemondb.net/artwork/large/camerupt.jpg
Mega Camerupt;https://img.pokemondb.net/artwork/large/camerupt-mega.jpg
Torkoal;https://img.pokemondb.net/artwork/large/torkoal.jpg
Spoink;https://img.pokemondb.net/artwork/large/spoink.jpg
Grumpig;https://img.pokemondb.net/artwork/large/grumpig.jpg
Spinda;https://img.pokemondb.net/artwork/large/spinda.jpg
Trapinch;https://img.pokemondb.net/artwork/large/trapinch.jpg
Vibrava;https://img.pokemondb.net/artwork/large/vibrava.jpg
Flygon;https://img.pokemondb.net/artwork/large/flygon.jpg
Cacnea;https://img.pokemondb.net/artwork/large/cacnea.jpg
Cacturne;https://img.pokemondb.net/artwork/large/cacturne.jpg
Swablu;https://img.pokemondb.net/artwork/large/swablu.jpg
Altaria;https://img.pokemondb.net/artwork/large/altaria.jpg
Mega Altaria;https://img.pokemondb.net/artwork/large/altaria-mega.jpg
Zangoose;https://img.pokemondb.net/artwork/large/zangoose.jpg
Seviper;https://img.pokemondb.net/artwork/large/seviper.jpg
Lunatone;https://img.pokemondb.net/artwork/large/lunatone.jpg
Solrock;https://img.pokemondb.net/artwork/large/solrock.jpg
Barboach;https://img.pokemondb.net/artwork/large/barboach.jpg
Whiscash;https://img.pokemondb.net/artwork/large/whiscash.jpg
Corphish;https://img.pokemondb.net/artwork/large/corphish.jpg
Crawdaunt;https://img.pokemondb.net/artwork/large/crawdaunt.jpg
Baltoy;https://img.pokemondb.net/artwork/large/baltoy.jpg
Claydol;https://img.pokemondb.net/artwork/large/claydol.jpg
Lileep;https://img.pokemondb.net/artwork/large/lileep.jpg
Cradily;https://img.pokemondb.net/artwork/large/cradily.jpg
Anorith;https://img.pokemondb.net/artwork/large/anorith.jpg
Armaldo;https://img.pokemondb.net/artwork/large/armaldo.jpg
Feebas;https://img.pokemondb.net/artwork/large/feebas.jpg
Milotic;https://img.pokemondb.net/artwork/large/milotic.jpg
Castform;https://img.pokemondb.net/artwork/large/castform.jpg
Kecleon;https://img.pokemondb.net/artwork/large/kecleon.jpg
Shuppet;https://img.pokemondb.net/artwork/large/shuppet.jpg
Banette;https://img.pokemondb.net/artwork/large/banette.jpg
Mega Banette;https://img.pokemondb.net/artwork/large/banette-mega.jpg
Duskull;https://img.pokemondb.net/artwork/large/duskull.jpg
Dusclops;https://img.pokemondb.net/artwork/large/dusclops.jpg
Tropius;https://img.pokemondb.net/artwork/large/tropius.jpg
Chimecho;https://img.pokemondb.net/artwork/large/chimecho.jpg
Absol;https://img.pokemondb.net/artwork/large/absol.jpg
Mega Absol;https://img.pokemondb.net/artwork/large/absol-mega.jpg
Wynaut;https://img.pokemondb.net/artwork/large/wynaut.jpg
Snorunt;https://img.pokemondb.net/artwork/large/snorunt.jpg
Glalie;https://img.pokemondb.net/artwork/large/glalie.jpg
Mega Glalie;https://img.pokemondb.net/artwork/large/glalie-mega.jpg
Spheal;https://img.pokemondb.net/artwork/large/spheal.jpg
Sealeo;https://img.pokemondb.net/artwork/large/sealeo.jpg
Walrein;https://img.pokemondb.net/artwork/large/walrein.jpg
Clamperl;https://img.pokemondb.net/artwork/large/clamperl.jpg
Huntail;https://img.pokemondb.net/artwork/large/huntail.jpg
Gorebyss;https://img.pokemondb.net/artwork/large/gorebyss.jpg
Relicanth;https://img.pokemondb.net/artwork/large/relicanth.jpg
Luvdisc;https://img.pokemondb.net/artwork/large/luvdisc.jpg
Bagon;https://img.pokemondb.net/artwork/large/bagon.jpg
Shelgon;https://img.pokemondb.net/artwork/large/shelgon.jpg
Salamence;https://img.pokemondb.net/artwork/large/salamence.jpg
Mega Salamence;https://img.pokemondb.net/artwork/large/salamence-mega.jpg
Beldum;https://img.pokemondb.net/artwork/large/beldum.jpg
Metang;https://img.pokemondb.net/artwork/large/metang.jpg
Metagross;https://img.pokemondb.net/artwork/large/metagross.jpg
Mega Metagross;https://img.pokemondb.net/artwork/large/metagross-mega.jpg
Regirock;https://img.pokemondb.net/artwork/large/regirock.jpg
Regice;https://img.pokemondb.net/artwork/large/regice.jpg
Registeel;https://img.pokemondb.net/artwork/large/registeel.jpg
Latias;https://img.pokemondb.net/artwork/large/latias.jpg
Mega Latias;https://img.pokemondb.net/artwork/large/latias-mega.jpg
Latios;https://img.pokemondb.net/artwork/large/latios.jpg
Mega Latios;https://img.pokemondb.net/artwork/large/latios-mega.jpg
Kyogre;https://img.pokemondb.net/artwork/large/kyogre.jpg
Primal Kyogre;https://img.pokemondb.net/artwork/large/kyogre-primal.jpg
Groudon;https://img.pokemondb.net/artwork/large/groudon.jpg
Primal Groudon;https://img.pokemondb.net/artwork/large/groudon-primal.jpg
Rayquaza;https://img.pokemondb.net/artwork/large/rayquaza.jpg
Mega Rayquaza;https://img.pokemondb.net/artwork/large/rayquaza-mega.jpg
Jirachi;https://img.pokemondb.net/artwork/large/jirachi.jpg
Deoxys Normal;https://img.pokemondb.net/artwork/large/deoxys-normal.jpg
Deoxys Attack;https://img.pokemondb.net/artwork/large/deoxys-attack.jpg
Deoxys Defense;https://img.pokemondb.net/artwork/large/deoxys-defense.jpg
Deoxys Speed;https://img.pokemondb.net/artwork/large/deoxys-speed.jpg
Turtwig;https://img.pokemondb.net/artwork/large/turtwig.jpg
Grotle;https://img.pokemondb.net/artwork/large/grotle.jpg
Torterra;https://img.pokemondb.net/artwork/large/torterra.jpg
Chimchar;https://img.pokemondb.net/artwork/large/chimchar.jpg
Monferno;https://img.pokemondb.net/artwork/large/monferno.jpg
Infernape;https://img.pokemondb.net/artwork/large/infernape.jpg
Piplup;https://img.pokemondb.net/artwork/large/piplup.jpg
Prinplup;https://img.pokemondb.net/artwork/large/prinplup.jpg
Empoleon;https://img.pokemondb.net/artwork/large/empoleon.jpg
Starly;https://img.pokemondb.net/artwork/large/starly.jpg
Staravia;https://img.pokemondb.net/artwork/large/staravia.jpg
Staraptor;https://img.pokemondb.net/artwork/large/staraptor.jpg
Bidoof;https://img.pokemondb.net/artwork/large/bidoof.jpg
Bibarel;https://img.pokemondb.net/artwork/large/bibarel.jpg
Kricketot;https://img.pokemondb.net/artwork/large/kricketot.jpg
Kricketune;https://img.pokemondb.net/artwork/large/kricketune.jpg
Shinx;https://img.pokemondb.net/artwork/large/shinx.jpg
Luxio;https://img.pokemondb.net/artwork/large/luxio.jpg
Luxray;https://img.pokemondb.net/artwork/large/luxray.jpg
Budew;https://img.pokemondb.net/artwork/large/budew.jpg
Roserade;https://img.pokemondb.net/artwork/large/roserade.jpg
Cranidos;https://img.pokemondb.net/artwork/large/cranidos.jpg
Rampardos;https://img.pokemondb.net/artwork/large/rampardos.jpg
Shieldon;https://img.pokemondb.net/artwork/large/shieldon.jpg
Bastiodon;https://img.pokemondb.net/artwork/large/bastiodon.jpg
Burmy;https://img.pokemondb.net/artwork/large/burmy.jpg
Wormadam Plant;https://img.pokemondb.net/artwork/large/wormadam-plant.jpg
Wormadam Sandy;https://img.pokemondb.net/artwork/large/wormadam-sandy.jpg
Wormadam Trash;https://img.pokemondb.net/artwork/large/wormadam-trash.jpg
Mothim;https://img.pokemondb.net/artwork/large/mothim.jpg
Combee;https://img.pokemondb.net/artwork/large/combee.jpg
Vespiquen;https://img.pokemondb.net/artwork/large/vespiquen.jpg
Pachirisu;https://img.pokemondb.net/artwork/large/pachirisu.jpg
Buizel;https://img.pokemondb.net/artwork/large/buizel.jpg
Floatzel;https://img.pokemondb.net/artwork/large/floatzel.jpg
Cherubi;https://img.pokemondb.net/artwork/large/cherubi.jpg
Cherrim;https://img.pokemondb.net/artwork/large/cherrim.jpg
Shellos;https://img.pokemondb.net/artwork/large/shellos.jpg
Gastrodon;https://img.pokemondb.net/artwork/large/gastrodon.jpg
Ambipom;https://img.pokemondb.net/artwork/large/ambipom.jpg
Drifloon;https://img.pokemondb.net/artwork/large/drifloon.jpg
Drifblim;https://img.pokemondb.net/artwork/large/drifblim.jpg
Buneary;https://img.pokemondb.net/artwork/large/buneary.jpg
Lopunny;https://img.pokemondb.net/artwork/large/lopunny.jpg
Mega Lopunny;https://img.pokemondb.net/artwork/large/lopunny-mega.jpg
Mismagius;https://img.pokemondb.net/artwork/large/mismagius.jpg
Honchkrow;https://img.pokemondb.net/artwork/large/honchkrow.jpg
Glameow;https://img.pokemondb.net/artwork/large/glameow.jpg
Purugly;https://img.pokemondb.net/artwork/large/purugly.jpg
Chingling;https://img.pokemondb.net/artwork/large/chingling.jpg
Stunky;https://img.pokemondb.net/artwork/large/stunky.jpg
Skuntank;https://img.pokemondb.net/artwork/large/skuntank.jpg
Bronzor;https://img.pokemondb.net/artwork/large/bronzor.jpg
Bronzong;https://img.pokemondb.net/artwork/large/bronzong.jpg
Bonsly;https://img.pokemondb.net/artwork/large/bonsly.jpg
Mime Jr.;https://img.pokemondb.net/artwork/large/mime jr..jpg
Happiny;https://img.pokemondb.net/artwork/large/happiny.jpg
Chatot;https://img.pokemondb.net/artwork/large/chatot.jpg
Spiritomb;https://img.pokemondb.net/artwork/large/spiritomb.jpg
Gible;https://img.pokemondb.net/artwork/large/gible.jpg
Gabite;https://img.pokemondb.net/artwork/large/gabite.jpg
Garchomp;https://img.pokemondb.net/artwork/large/garchomp.jpg
Mega Garchomp;https://img.pokemondb.net/artwork/large/garchomp-mega.jpg
Munchlax;https://img.pokemondb.net/artwork/large/munchlax.jpg
Riolu;https://img.pokemondb.net/artwork/large/riolu.jpg
Lucario;https://img.pokemondb.net/artwork/large/lucario.jpg
Mega Lucario;https://img.pokemondb.net/artwork/large/lucario-mega.jpg
Hippopotas;https://img.pokemondb.net/artwork/large/hippopotas.jpg
Hippowdon;https://img.pokemondb.net/artwork/large/hippowdon.jpg
Skorupi;https://img.pokemondb.net/artwork/large/skorupi.jpg
Drapion;https://img.pokemondb.net/artwork/large/drapion.jpg
Croagunk;https://img.pokemondb.net/artwork/large/croagunk.jpg
Toxicroak;https://img.pokemondb.net/artwork/large/toxicroak.jpg
Carnivine;https://img.pokemondb.net/artwork/large/carnivine.jpg
Finneon;https://img.pokemondb.net/artwork/large/finneon.jpg
Lumineon;https://img.pokemondb.net/artwork/large/lumineon.jpg
Mantyke;https://img.pokemondb.net/artwork/large/mantyke.jpg
Snover;https://img.pokemondb.net/artwork/large/snover.jpg
Abomasnow;https://img.pokemondb.net/artwork/large/abomasnow.jpg
Mega Abomasnow;https://img.pokemondb.net/artwork/large/abomasnow-mega.jpg
Weavile;https://img.pokemondb.net/artwork/large/weavile.jpg
Magnezone;https://img.pokemondb.net/artwork/large/magnezone.jpg
Lickilicky;https://img.pokemondb.net/artwork/large/lickilicky.jpg
Rhyperior;https://img.pokemondb.net/artwork/large/rhyperior.jpg
Tangrowth;https://img.pokemondb.net/artwork/large/tangrowth.jpg
Electivire;https://img.pokemondb.net/artwork/large/electivire.jpg
Magmortar;https://img.pokemondb.net/artwork/large/magmortar.jpg
Togekiss;https://img.pokemondb.net/artwork/large/togekiss.jpg
Yanmega;https://img.pokemondb.net/artwork/large/yanmega.jpg
Leafeon;https://img.pokemondb.net/artwork/large/leafeon.jpg
Glaceon;https://img.pokemondb.net/artwork/large/glaceon.jpg
Gliscor;https://img.pokemondb.net/artwork/large/gliscor.jpg
Mamoswine;https://img.pokemondb.net/artwork/large/mamoswine.jpg
Porygon-Z;https://img.pokemondb.net/artwork/large/porygon-z.jpg
Gallade;https://img.pokemondb.net/artwork/large/gallade.jpg
Mega Gallade;https://img.pokemondb.net/artwork/large/gallade-mega.jpg
Probopass;https://img.pokemondb.net/artwork/large/probopass.jpg
Dusknoir;https://img.pokemondb.net/artwork/large/dusknoir.jpg
Froslass;https://img.pokemondb.net/artwork/large/froslass.jpg
Rotom;https://img.pokemondb.net/artwork/large/rotom.jpg
Rotom Heat;https://img.pokemondb.net/artwork/large/rotom-heat.jpg
Rotom Wash;https://img.pokemondb.net/artwork/large/rotom-wash.jpg
Rotom Frost;https://img.pokemondb.net/artwork/large/rotom-frost.jpg
Rotom Fan;https://img.pokemondb.net/artwork/large/rotom-fan.jpg
Rotom Mow;https://img.pokemondb.net/artwork/large/rotom-mow.jpg
Uxie;https://img.pokemondb.net/artwork/large/uxie.jpg
Mesprit;https://img.pokemondb.net/artwork/large/mesprit.jpg
Azelf;https://img.pokemondb.net/artwork/large/azelf.jpg
Dialga;https://img.pokemondb.net/artwork/large/dialga.jpg
Palkia;https://img.pokemondb.net/artwork/large/palkia.jpg
Heatran;https://img.pokemondb.net/artwork/large/heatran.jpg
Regigigas;https://img.pokemondb.net/artwork/large/regigigas.jpg
Giratina Altered;https://img.pokemondb.net/artwork/large/giratina-altered.jpg
Giratina Origin;https://img.pokemondb.net/artwork/large/giratina-origin.jpg
Cresselia;https://img.pokemondb.net/artwork/large/cresselia.jpg
Phione;https://img.pokemondb.net/artwork/large/phione.jpg
Manaphy;https://img.pokemondb.net/artwork/large/manaphy.jpg
Darkrai;https://img.pokemondb.net/artwork/large/darkrai.jpg
Shaymin Land;https://img.pokemondb.net/artwork/large/shaymin-land.jpg
Shaymin Sky;https://img.pokemondb.net/artwork/large/shaymin-sky.jpg
Arceus;https://img.pokemondb.net/artwork/large/arceus.jpg
Victini;https://img.pokemondb.net/artwork/large/victini.jpg
Snivy;https://img.pokemondb.net/artwork/large/snivy.jpg
Servine;https://img.pokemondb.net/artwork/large/servine.jpg
Serperior;https://img.pokemondb.net/artwork/large/serperior.jpg
Tepig;https://img.pokemondb.net/artwork/large/tepig.jpg
Pignite;https://img.pokemondb.net/artwork/large/pignite.jpg
Emboar;https://img.pokemondb.net/artwork/large/emboar.jpg
Oshawott;https://img.pokemondb.net/artwork/large/oshawott.jpg
Dewott;https://img.pokemondb.net/artwork/large/dewott.jpg
Samurott;https://img.pokemondb.net/artwork/large/samurott.jpg
Patrat;https://img.pokemondb.net/artwork/large/patrat.jpg
Watchog;https://img.pokemondb.net/artwork/large/watchog.jpg
Lillipup;https://img.pokemondb.net/artwork/large/lillipup.jpg
Herdier;https://img.pokemondb.net/artwork/large/herdier.jpg
Stoutland;https://img.pokemondb.net/artwork/large/stoutland.jpg
Purrloin;https://img.pokemondb.net/artwork/large/purrloin.jpg
Liepard;https://img.pokemondb.net/artwork/large/liepard.jpg
Pansage;https://img.pokemondb.net/artwork/large/pansage.jpg
Simisage;https://img.pokemondb.net/artwork/large/simisage.jpg
Pansear;https://img.pokemondb.net/artwork/large/pansear.jpg
Simisear;https://img.pokemondb.net/artwork/large/simisear.jpg
Panpour;https://img.pokemondb.net/artwork/large/panpour.jpg
Simipour;https://img.pokemondb.net/artwork/large/simipour.jpg
Munna;https://img.pokemondb.net/artwork/large/munna.jpg
Musharna;https://img.pokemondb.net/artwork/large/musharna.jpg
Pidove;https://img.pokemondb.net/artwork/large/pidove.jpg
Tranquill;https://img.pokemondb.net/artwork/large/tranquill.jpg
Unfezant;https://img.pokemondb.net/artwork/large/unfezant.jpg
Blitzle;https://img.pokemondb.net/artwork/large/blitzle.jpg
Zebstrika;https://img.pokemondb.net/artwork/large/zebstrika.jpg
Roggenrola;https://img.pokemondb.net/artwork/large/roggenrola.jpg
Boldore;https://img.pokemondb.net/artwork/large/boldore.jpg
Gigalith;https://img.pokemondb.net/artwork/large/gigalith.jpg
Woobat;https://img.pokemondb.net/artwork/large/woobat.jpg
Swoobat;https://img.pokemondb.net/artwork/large/swoobat.jpg
Drilbur;https://img.pokemondb.net/artwork/large/drilbur.jpg
Excadrill;https://img.pokemondb.net/artwork/large/excadrill.jpg
Audino;https://img.pokemondb.net/artwork/large/audino.jpg
Mega Audino;https://img.pokemondb.net/artwork/large/audino-mega.jpg
Timburr;https://img.pokemondb.net/artwork/large/timburr.jpg
Gurdurr;https://img.pokemondb.net/artwork/large/gurdurr.jpg
Conkeldurr;https://img.pokemondb.net/artwork/large/conkeldurr.jpg
Tympole;https://img.pokemondb.net/artwork/large/tympole.jpg
Palpitoad;https://img.pokemondb.net/artwork/large/palpitoad.jpg
Seismitoad;https://img.pokemondb.net/artwork/large/seismitoad.jpg
Throh;https://img.pokemondb.net/artwork/large/throh.jpg
Sawk;https://img.pokemondb.net/artwork/large/sawk.jpg
Sewaddle;https://img.pokemondb.net/artwork/large/sewaddle.jpg
Swadloon;https://img.pokemondb.net/artwork/large/swadloon.jpg
Leavanny;https://img.pokemondb.net/artwork/large/leavanny.jpg
Venipede;https://img.pokemondb.net/artwork/large/venipede.jpg
Whirlipede;https://img.pokemondb.net/artwork/large/whirlipede.jpg
Scolipede;https://img.pokemondb.net/artwork/large/scolipede.jpg
Cottonee;https://img.pokemondb.net/artwork/large/cottonee.jpg
Whimsicott;https://img.pokemondb.net/artwork/large/whimsicott.jpg
Petilil;https://img.pokemondb.net/artwork/large/petilil.jpg
Lilligant;https://img.pokemondb.net/artwork/large/lilligant.jpg
Basculin;https://img.pokemondb.net/artwork/large/basculin.jpg
Sandile;https://img.pokemondb.net/artwork/large/sandile.jpg
Krokorok;https://img.pokemondb.net/artwork/large/krokorok.jpg
Krookodile;https://img.pokemondb.net/artwork/large/krookodile.jpg
Darumaka;https://img.pokemondb.net/artwork/large/darumaka.jpg
Darmanitan Standard;https://img.pokemondb.net/artwork/large/darmanitan-standard.jpg
Darmanitan Mode;https://img.pokemondb.net/artwork/large/darmanitan-zen.jpg
Maractus;https://img.pokemondb.net/artwork/large/maractus.jpg
Dwebble;https://img.pokemondb.net/artwork/large/dwebble.jpg
Crustle;https://img.pokemondb.net/artwork/large/crustle.jpg
Scraggy;https://img.pokemondb.net/artwork/large/scraggy.jpg
Scrafty;https://img.pokemondb.net/artwork/large/scrafty.jpg
Sigilyph;https://img.pokemondb.net/artwork/large/sigilyph.jpg
Yamask;https://img.pokemondb.net/artwork/large/yamask.jpg
Cofagrigus;https://img.pokemondb.net/artwork/large/cofagrigus.jpg
Tirtouga;https://img.pokemondb.net/artwork/large/tirtouga.jpg
Carracosta;https://img.pokemondb.net/artwork/large/carracosta.jpg
Archen;https://img.pokemondb.net/artwork/large/archen.jpg
Archeops;https://img.pokemondb.net/artwork/large/archeops.jpg
Trubbish;https://img.pokemondb.net/artwork/large/trubbish.jpg
Garbodor;https://img.pokemondb.net/artwork/large/garbodor.jpg
Zorua;https://img.pokemondb.net/artwork/large/zorua.jpg
Zoroark;https://img.pokemondb.net/artwork/large/zoroark.jpg
Minccino;https://img.pokemondb.net/artwork/large/minccino.jpg
Cinccino;https://img.pokemondb.net/artwork/large/cinccino.jpg
Gothita;https://img.pokemondb.net/artwork/large/gothita.jpg
Gothorita;https://img.pokemondb.net/artwork/large/gothorita.jpg
Gothitelle;https://img.pokemondb.net/artwork/large/gothitelle.jpg
Solosis;https://img.pokemondb.net/artwork/large/solosis.jpg
Duosion;https://img.pokemondb.net/artwork/large/duosion.jpg
Reuniclus;https://img.pokemondb.net/artwork/large/reuniclus.jpg
Ducklett;https://img.pokemondb.net/artwork/large/ducklett.jpg
Swanna;https://img.pokemondb.net/artwork/large/swanna.jpg
Vanillite;https://img.pokemondb.net/artwork/large/vanillite.jpg
Vanillish;https://img.pokemondb.net/artwork/large/vanillish.jpg
Vanilluxe;https://img.pokemondb.net/artwork/large/vanilluxe.jpg
Deerling;https://img.pokemondb.net/artwork/large/deerling.jpg
Sawsbuck;https://img.pokemondb.net/artwork/large/sawsbuck.jpg
Emolga;https://img.pokemondb.net/artwork/large/emolga.jpg
Karrablast;https://img.pokemondb.net/artwork/large/karrablast.jpg
Escavalier;https://img.pokemondb.net/artwork/large/escavalier.jpg
Foongus;https://img.pokemondb.net/artwork/large/foongus.jpg
Amoonguss;https://img.pokemondb.net/artwork/large/amoonguss.jpg
Frillish;https://img.pokemondb.net/artwork/large/frillish.jpg
Jellicent;https://img.pokemondb.net/artwork/large/jellicent.jpg
Alomomola;https://img.pokemondb.net/artwork/large/alomomola.jpg
Joltik;https://img.pokemondb.net/artwork/large/joltik.jpg
Galvantula;https://img.pokemondb.net/artwork/large/galvantula.jpg
Ferroseed;https://img.pokemondb.net/artwork/large/ferroseed.jpg
Ferrothorn;https://img.pokemondb.net/artwork/large/ferrothorn.jpg
Klink;https://img.pokemondb.net/artwork/large/klink.jpg
Klang;https://img.pokemondb.net/artwork/large/klang.jpg
Klinklang;https://img.pokemondb.net/artwork/large/klinklang.jpg
Tynamo;https://img.pokemondb.net/artwork/large/tynamo.jpg
Eelektrik;https://img.pokemondb.net/artwork/large/eelektrik.jpg
Eelektross;https://img.pokemondb.net/artwork/large/eelektross.jpg
Elgyem;https://img.pokemondb.net/artwork/large/elgyem.jpg
Beheeyem;https://img.pokemondb.net/artwork/large/beheeyem.jpg
Litwick;https://img.pokemondb.net/artwork/large/litwick.jpg
Lampent;https://img.pokemondb.net/artwork/large/lampent.jpg
Chandelure;https://img.pokemondb.net/artwork/large/chandelure.jpg
Axew;https://img.pokemondb.net/artwork/large/axew.jpg
Fraxure;https://img.pokemondb.net/artwork/large/fraxure.jpg
Haxorus;https://img.pokemondb.net/artwork/large/haxorus.jpg
Cubchoo;https://img.pokemondb.net/artwork/large/cubchoo.jpg
Beartic;https://img.pokemondb.net/artwork/large/beartic.jpg
Cryogonal;https://img.pokemondb.net/artwork/large/cryogonal.jpg
Shelmet;https://img.pokemondb.net/artwork/large/shelmet.jpg
Accelgor;https://img.pokemondb.net/artwork/large/accelgor.jpg
Stunfisk;https://img.pokemondb.net/artwork/large/stunfisk.jpg
Mienfoo;https://img.pokemondb.net/artwork/large/mienfoo.jpg
Mienshao;https://img.pokemondb.net/artwork/large/mienshao.jpg
Druddigon;https://img.pokemondb.net/artwork/large/druddigon.jpg
Golett;https://img.pokemondb.net/artwork/large/golett.jpg
Golurk;https://img.pokemondb.net/artwork/large/golurk.jpg
Pawniard;https://img.pokemondb.net/artwork/large/pawniard.jpg
Bisharp;https://img.pokemondb.net/artwork/large/bisharp.jpg
Bouffalant;https://img.pokemondb.net/artwork/large/bouffalant.jpg
Rufflet;https://img.pokemondb.net/artwork/large/rufflet.jpg
Braviary;https://img.pokemondb.net/artwork/large/braviary.jpg
Vullaby;https://img.pokemondb.net/artwork/large/vullaby.jpg
Mandibuzz;https://img.pokemondb.net/artwork/large/mandibuzz.jpg
Heatmor;https://img.pokemondb.net/artwork/large/heatmor.jpg
Durant;https://img.pokemondb.net/artwork/large/durant.jpg
Deino;https://img.pokemondb.net/artwork/large/deino.jpg
Zweilous;https://img.pokemondb.net/artwork/large/zweilous.jpg
Hydreigon;https://img.pokemondb.net/artwork/large/hydreigon.jpg
Larvesta;https://img.pokemondb.net/artwork/large/larvesta.jpg
Volcarona;https://img.pokemondb.net/artwork/large/volcarona.jpg
Cobalion;https://img.pokemondb.net/artwork/large/cobalion.jpg
Terrakion;https://img.pokemondb.net/artwork/large/terrakion.jpg
Virizion;https://img.pokemondb.net/artwork/large/virizion.jpg
Tornadus Incarnate;https://img.pokemondb.net/artwork/large/tornadus-incarnate.jpg
Tornadus Therian;https://img.pokemondb.net/artwork/large/tornadus-therian.jpg
Thundurus Incarnate;https://img.pokemondb.net/artwork/large/thundurus-incarnate.jpg
Thundurus Therian;https://img.pokemondb.net/artwork/large/thundurus-therian.jpg
Reshiram;https://img.pokemondb.net/artwork/large/reshiram.jpg
Zekrom;https://img.pokemondb.net/artwork/large/zekrom.jpg
Landorus Incarnate;https://img.pokemondb.net/artwork/large/landorus-incarnate.jpg
Landorus Therian;https://img.pokemondb.net/artwork/large/landorus-therian.jpg
Kyurem;https://img.pokemondb.net/artwork/large/kyurem.jpg
Kyurem Black;https://img.pokemondb.net/artwork/large/kyurem-black.jpg
Kyurem White;https://img.pokemondb.net/artwork/large/kyurem-white.jpg
Keldeo Ordinary;https://img.pokemondb.net/artwork/large/keldeo-ordinary.jpg
Keldeo Resolute;https://img.pokemondb.net/artwork/large/keldeo-resolute.jpg
Meloetta Aria;https://img.pokemondb.net/artwork/large/meloetta-aria.jpg
Meloetta Pirouette;https://img.pokemondb.net/artwork/large/meloetta-pirouette.jpg
Genesect;https://img.pokemondb.net/artwork/large/genesect.jpg
Chespin;https://img.pokemondb.net/artwork/large/chespin.jpg
Quilladin;https://img.pokemondb.net/artwork/large/quilladin.jpg
Chesnaught;https://img.pokemondb.net/artwork/large/chesnaught.jpg
Fennekin;https://img.pokemondb.net/artwork/large/fennekin.jpg
Braixen;https://img.pokemondb.net/artwork/large/braixen.jpg
Delphox;https://img.pokemondb.net/artwork/large/delphox.jpg
Froakie;https://img.pokemondb.net/artwork/large/froakie.jpg
Frogadier;https://img.pokemondb.net/artwork/large/frogadier.jpg
Greninja;https://img.pokemondb.net/artwork/large/greninja.jpg
Bunnelby;https://img.pokemondb.net/artwork/large/bunnelby.jpg
Diggersby;https://img.pokemondb.net/artwork/large/diggersby.jpg
Fletchling;https://img.pokemondb.net/artwork/large/fletchling.jpg
Fletchinder;https://img.pokemondb.net/artwork/large/fletchinder.jpg
Talonflame;https://img.pokemondb.net/artwork/large/talonflame.jpg
Scatterbug;https://img.pokemondb.net/artwork/large/scatterbug.jpg
Spewpa;https://img.pokemondb.net/artwork/large/spewpa.jpg
Vivillon;https://img.pokemondb.net/artwork/large/vivillon.jpg
Litleo;https://img.pokemondb.net/artwork/large/litleo.jpg
Pyroar;https://img.pokemondb.net/artwork/large/pyroar.jpg
Flabebe;https://img.pokemondb.net/artwork/large/flabebe.jpg
Floette;https://img.pokemondb.net/artwork/large/floette.jpg
Florges;https://img.pokemondb.net/artwork/large/florges.jpg
Skiddo;https://img.pokemondb.net/artwork/large/skiddo.jpg
Gogoat;https://img.pokemondb.net/artwork/large/gogoat.jpg
Pancham;https://img.pokemondb.net/artwork/large/pancham.jpg
Pangoro;https://img.pokemondb.net/artwork/large/pangoro.jpg
Furfrou;https://img.pokemondb.net/artwork/large/furfrou.jpg
Espurr;https://img.pokemondb.net/artwork/large/espurr.jpg
Meowstic Male;https://img.pokemondb.net/artwork/large/meowstic-male.jpg
Meowstic Female;https://img.pokemondb.net/artwork/large/meowstic-female.jpg
Honedge;https://img.pokemondb.net/artwork/large/honedge.jpg
Doublade;https://img.pokemondb.net/artwork/large/doublade.jpg
Aegislash Blade;https://img.pokemondb.net/artwork/large/aegislash-blade.jpg
Aegislash Shield;https://img.pokemondb.net/artwork/large/aegislash-shield.jpg
Spritzee;https://img.pokemondb.net/artwork/large/spritzee.jpg
Aromatisse;https://img.pokemondb.net/artwork/large/aromatisse.jpg
Swirlix;https://img.pokemondb.net/artwork/large/swirlix.jpg
Slurpuff;https://img.pokemondb.net/artwork/large/slurpuff.jpg
Inkay;https://img.pokemondb.net/artwork/large/inkay.jpg
Malamar;https://img.pokemondb.net/artwork/large/malamar.jpg
Binacle;https://img.pokemondb.net/artwork/large/binacle.jpg
Barbaracle;https://img.pokemondb.net/artwork/large/barbaracle.jpg
Skrelp;https://img.pokemondb.net/artwork/large/skrelp.jpg
Dragalge;https://img.pokemondb.net/artwork/large/dragalge.jpg
Clauncher;https://img.pokemondb.net/artwork/large/clauncher.jpg
Clawitzer;https://img.pokemondb.net/artwork/large/clawitzer.jpg
Helioptile;https://img.pokemondb.net/artwork/large/helioptile.jpg
Heliolisk;https://img.pokemondb.net/artwork/large/heliolisk.jpg
Tyrunt;https://img.pokemondb.net/artwork/large/tyrunt.jpg
Tyrantrum;https://img.pokemondb.net/artwork/large/tyrantrum.jpg
Amaura;https://img.pokemondb.net/artwork/large/amaura.jpg
Aurorus;https://img.pokemondb.net/artwork/large/aurorus.jpg
Sylveon;https://img.pokemondb.net/artwork/large/sylveon.jpg
Hawlucha;https://img.pokemondb.net/artwork/large/hawlucha.jpg
Dedenne;https://img.pokemondb.net/artwork/large/dedenne.jpg
Carbink;https://img.pokemondb.net/artwork/large/carbink.jpg
Goomy;https://img.pokemondb.net/artwork/large/goomy.jpg
Sliggoo;https://img.pokemondb.net/artwork/large/sliggoo.jpg
Goodra;https://img.pokemondb.net/artwork/large/goodra.jpg
Klefki;https://img.pokemondb.net/artwork/large/klefki.jpg
Phantump;https://img.pokemondb.net/artwork/large/phantump.jpg
Trevenant;https://img.pokemondb.net/artwork/large/trevenant.jpg
Pumpkaboo Average Size;https://img.pokemondb.net/artwork/pumpkaboo.jpg
Pumpkaboo Small Size;https://img.pokemondb.net/artwork/pumpkaboo.jpg
Pumpkaboo Large Size;https://img.pokemondb.net/artwork/pumpkaboo.jpg
Pumpkaboo Super Size;https://img.pokemondb.net/artwork/pumpkaboo.jpg
Gourgeist Average Size;https://img.pokemondb.net/artwork/gourgeist.jpg
Gourgeist Small Size;https://img.pokemondb.net/artwork/gourgeist.jpg
Gourgeist Large Size;https://img.pokemondb.net/artwork/gourgeist.jpg
Gourgeist Super Size;https://img.pokemondb.net/artwork/gourgeist.jpg
Bergmite;https://img.pokemondb.net/artwork/large/bergmite.jpg
Avalugg;https://img.pokemondb.net/artwork/large/avalugg.jpg
Noibat;https://img.pokemondb.net/artwork/large/noibat.jpg
Noivern;https://img.pokemondb.net/artwork/large/noivern.jpg
Xerneas;https://img.pokemondb.net/artwork/large/xerneas.jpg
Yveltal;https://img.pokemondb.net/artwork/large/yveltal.jpg
Zygarde 50% Forme;https://img.pokemondb.net/artwork/large/zygarde-50.jpg
Diancie;https://img.pokemondb.net/artwork/large/diancie.jpg
Mega Diancie;https://img.pokemondb.net/artwork/large/diancie-mega.jpg
Hoopa Confined;https://img.pokemondb.net/artwork/large/hoopa-confined.jpg
Hoopa Unbound;https://img.pokemondb.net/artwork/large/hoopa-unbound.jpg
Volcanion;https://img.pokemondb.net/artwork/large/volcanion.jpg
